id,kernel,best_acc,acc_1
0,linear,0.359375,0.359375
1,rbf,0.3828125,0.3828125
2,poly,0.28125,0.28125
3,sigmoid,0.140625,0.140625
