id,kernel,best_acc,acc_1
0,linear,0.1640625,0.1640625
1,rbf,0.140625,0.140625
2,poly,0.1796875,0.1796875
3,sigmoid,0.1328125,0.1328125
