id,kernel,best_acc,acc_1
0,linear,0.1640625,0.1640625
1,rbf,0.1484375,0.1484375
2,poly,0.1640625,0.1640625
3,sigmoid,0.140625,0.140625
